{
    "cc-pvdz": {
        "1.3": {
            "HF": -7.966011677394674,
            "FCI": -7.999100857546523,
            "N_orb": 19,
            "CASSCF_3": -7.981397154287427,
            "CASSCF_6": -7.996635155259339,
            "CASSCF_10": -7.998920362994497,
            "CASSCF_14": -7.999054576308465
        },
        "1.4": {
            "HF": -7.976353942673617,
            "FCI": -8.00828334015409,
            "N_orb": 19,
            "CASSCF_3": -7.9916803018300495,
            "CASSCF_6": -8.006371359556862,
            "CASSCF_10": -8.008104486895272,
            "CASSCF_14": -8.008244590027752
        },
        "1.5": {
            "HF": -7.98176766435951,
            "FCI": -8.013110559412041,
            "N_orb": 19,
            "CASSCF_3": -7.997261769128763,
            "CASSCF_6": -8.01140269261495,
            "CASSCF_10": -8.012920468076471,
            "CASSCF_14": -8.012996633772296
        },
        "1.6": {
            "HF": -7.98364223163767,
            "FCI": -8.014748356699176,
            "N_orb": 19,
            "CASSCF_3": -7.999513920496029,
            "CASSCF_6": -8.013080590768286,
            "CASSCF_10": -8.014545027156386,
            "CASSCF_14": -8.01471815268063
        },
        "1.7": {
            "HF": -7.9829765151081205,
            "FCI": -8.014056734262237,
            "N_orb": 19,
            "CASSCF_3": -7.999412398581853,
            "CASSCF_6": -8.012361153771236,
            "CASSCF_10": -8.013854119870842,
            "CASSCF_14": -8.014027252845503
        },
        "1.8": {
            "HF": -7.980494276992837,
            "FCI": -8.01169290533301,
            "N_orb": 19,
            "CASSCF_3": -7.997655342866703,
            "CASSCF_6": -8.009937211071822,
            "CASSCF_10": -8.01149954936163,
            "CASSCF_14": -8.011662892138967
        },
        "1.9": {
            "HF": -7.976723498251307,
            "FCI": -8.008157178596631,
            "N_orb": 19,
            "CASSCF_3": -7.994744956058254,
            "CASSCF_6": -8.006319577779855,
            "CASSCF_10": -8.007965245701019,
            "CASSCF_14": -8.00812532573264
        },
        "2.0": {
            "HF": -7.972052040443703,
            "FCI": -8.003828750301745,
            "N_orb": 19,
            "CASSCF_3": -7.991044955610089,
            "CASSCF_6": -8.001888383361754,
            "CASSCF_10": -8.003632009024438,
            "CASSCF_14": -8.003795551018511
        },
        "2.5": {
            "HF": -7.9430166218121,
            "FCI": -7.978237789501589,
            "N_orb": 19,
            "CASSCF_3": -7.9679216370810435,
            "CASSCF_6": -7.974551318589312,
            "CASSCF_10": -7.9779741440386625,
            "CASSCF_14": -7.978193450720997
        },
        "3.0": {
            "HF": -7.913814965622636,
            "FCI": -7.956058212992758,
            "N_orb": 19,
            "CASSCF_3": -7.9456607527516425,
            "CASSCF_6": -7.953892518445299,
            "CASSCF_10": -7.955850326126818,
            "CASSCF_14": -7.956015669451684
        },
        "3.5": {
            "HF": -7.888444967157384,
            "FCI": -7.942187020729102,
            "N_orb": 19,
            "CASSCF_3": -7.928479866312894,
            "CASSCF_6": -7.941177787125729,
            "CASSCF_10": -7.942012198109796,
            "CASSCF_14": -7.942167564755196
        },
        "4.0": {
            "HF": -7.867232362267875,
            "FCI": -7.935753483223331,
            "N_orb": 19,
            "CASSCF_3": -7.9176702923882845,
            "CASSCF_6": -7.935278549639166,
            "CASSCF_10": -7.935653836176196,
            "CASSCF_14": -7.935728335485748
        },
        "4.5": {
            "HF": -7.849763153068632,
            "FCI": -7.9333019942999785,
            "N_orb": 19,
            "CASSCF_3": -7.912701862968906,
            "CASSCF_6": -7.933031086493043,
            "CASSCF_10": -7.933249271765585,
            "CASSCF_14": -7.933286879227439
        },
        "5.0": {
            "HF": -7.835534619486999,
            "FCI": -7.932422120881282,
            "N_orb": 19,
            "CASSCF_3": -7.911527551193006,
            "CASSCF_6": -7.932261461220663,
            "CASSCF_10": -7.932380078617171,
            "CASSCF_14": -7.93241372156196
        },
        "6.0": {
            "HF": -7.81485781022352,
            "FCI": -7.931991078587897,
            "N_orb": 19,
            "CASSCF_3": -7.914337605641673,
            "CASSCF_6": -7.931805688760365,
            "CASSCF_10": -7.931976024140987,
            "CASSCF_14": -7.931985367291231
        },
        "7.0": {
            "HF": -7.801888885529543,
            "FCI": -7.931930131128359,
            "N_orb": 19,
            "CASSCF_3": -7.916717572885691,
            "CASSCF_6": -7.931820720738305,
            "CASSCF_10": -7.931921253072659,
            "CASSCF_14": -7.931922892732585
        }
    },
    "cc-pvtz": {
        "1.3": {
            "HF": -7.969926443608921,
            "FCI": -8.021518595257287,
            "N_orb": 44,
            "CASSCF_3": -7.984846513071835,
            "CASSCF_6": -8.00383504374452,
            "CASSCF_10": -8.018732897065759,
            "CASSCF_14": -8.020248244770643,
            "CASSCF_20": -8.021242831597933
        },
        "1.4": {
            "HF": -7.979938205881503,
            "FCI": -8.03087386975252,
            "N_orb": 44,
            "CASSCF_3": -7.994909611199489,
            "CASSCF_6": -8.013554133726307,
            "CASSCF_10": -8.028217959068442,
            "CASSCF_14": -8.029662480557628,
            "CASSCF_20": -8.03059313888492
        },
        "1.5": {
            "HF": -7.985051120285562,
            "FCI": -8.035472953424767,
            "N_orb": 44,
            "CASSCF_3": -8.00028127759067,
            "CASSCF_6": -8.01850324527911,
            "CASSCF_10": -8.032925449994961,
            "CASSCF_14": -8.034325654135912,
            "CASSCF_20": -8.035183326970728
        },
        "1.6": {
            "HF": -7.986645507638802,
            "FCI": -8.036699982365871,
            "N_orb": 44,
            "CASSCF_3": -8.002331739224076,
            "CASSCF_6": -8.02005587451585,
            "CASSCF_10": -8.034236823188346,
            "CASSCF_14": -8.035614762777692,
            "CASSCF_20": -8.036403935603248
        },
        "1.7": {
            "HF": -7.9857212057923235,
            "FCI": -8.035562015464132,
            "N_orb": 44,
            "CASSCF_3": -8.002038138814894,
            "CASSCF_6": -8.019203088752171,
            "CASSCF_10": -8.032847919564789,
            "CASSCF_14": -8.034531245946969,
            "CASSCF_20": -8.035209862532062
        },
        "1.8": {
            "HF": -7.983007995858293,
            "FCI": -8.03279196975418,
            "N_orb": 44,
            "CASSCF_3": -8.000101302870132,
            "CASSCF_6": -8.01666373819589,
            "CASSCF_10": -8.030255429199503,
            "CASSCF_14": -8.031073118063334,
            "CASSCF_20": -8.032502718396577
        },
        "1.9": {
            "HF": -7.9790410416788085,
            "FCI": -8.028918294355648,
            "N_orb": 44,
            "CASSCF_3": -7.99702771027469,
            "CASSCF_6": -8.012960102196764,
            "CASSCF_10": -8.02654439309617,
            "CASSCF_14": -8.02797442489015,
            "CASSCF_20": -8.028606669600318
        },
        "2.0": {
            "HF": -7.974213428012813,
            "FCI": -8.02431891012417,
            "N_orb": 44,
            "CASSCF_3": -7.993185343724438,
            "CASSCF_6": -8.008472224341288,
            "CASSCF_10": -8.022083662773385,
            "CASSCF_14": -8.023410732474044,
            "CASSCF_20": -8.024063697580173
        },
        "2.5": {
            "HF": -7.944991634903055,
            "FCI": -7.997793667083461,
            "N_orb": 44,
            "CASSCF_3": -7.9696834603042115,
            "CASSCF_6": -7.981741089310586,