{
    "cc-pvdz": {
        "1.3": {
            "HF": -7.966011677394684,
            "FCI": -7.9991008575465266,
            "N_orb": 19
        },
        "1.4": {
            "HF": -7.976353942673628,
            "FCI": -8.0082833401541,
            "N_orb": 19
        },
        "1.5": {
            "HF": -7.981767664359512,
            "FCI": -8.013110559412045,
            "N_orb": 19
        },
        "1.6": {
            "HF": -7.983642231637673,
            "FCI": -8.01474835669917,
            "N_orb": 19
        },
        "1.7": {
            "HF": -7.982976515108117,
            "FCI": -8.014056734262253,
            "N_orb": 19
        },
        "1.8": {
            "HF": -7.980494276992846,
            "FCI": -8.011692905333014,
            "N_orb": 19
        },
        "1.9": {
            "HF": -7.976723498251308,
            "FCI": -8.008157178596639,
            "N_orb": 19
        },
        "2.0": {
            "HF": -7.972052040443701,
            "FCI": -8.003828750301748,
            "N_orb": 19
        },
        "2.5": {
            "HF": -7.943016621812105,
            "FCI": -7.978237789501576,
            "N_orb": 19
        },
        "3.0": {
            "HF": -7.913814965622645,
            "FCI": -7.956058212992758,
            "N_orb": 19
        },
        "3.5": {
            "HF": -7.888444967157391,
            "FCI": -7.942187020729004,
            "N_orb": 19
        },
        "4.0": {
            "HF": -7.867232362267877,
            "FCI": -7.93575348322329,
            "N_orb": 19
        },
        "4.5": {
            "HF": -7.849763153068628,
            "FCI": -7.933301994299398,
            "N_orb": 19
        },
        "5.0": {
            "HF": -7.835534619487002,
            "FCI": -7.932422120881337,
            "N_orb": 19
        },
        "6.0": {
            "HF": -7.814857810223524,
            "FCI": -7.931991078587847,
            "N_orb": 19
        },
        "7.0": {
            "HF": -7.80188888552955,
            "FCI": -7.931930131128363,
            "N_orb": 19
        }
    },
    "cc-pvtz": {
        "1.3": {
            "HF": -7.969926443608916,
            "FCI": -8.021518595257268,
            "N_orb": 44
        },
        "1.4": {
            "HF": -7.979938205881494,
            "FCI": -8.030873869752511,
            "N_orb": 44
        },
        "1.5": {
            "HF": -7.985051120285559,
            "FCI": -8.035472953424737,
            "N_orb": 44
        },
        "1.6": {
            "HF": -7.986645507638797,
            "FCI": -8.036699982365855,
            "N_orb": 44
        },
        "1.7": {
            "HF": -7.985721205792341,
            "FCI": -8.035562015464093,
            "N_orb": 44
        },
        "1.8": {
            "HF": -7.983007995858302,
            "FCI": -8.03279196975421,
            "N_orb": 44
        },
        "1.9": {
            "HF": -7.979041041678816,
            "FCI": -8.028918294355655,
            "N_orb": 44
        },
        "2.0": {
            "HF": -7.9742134280128205,
            "FCI": -8.02431891012417,
            "N_orb": 44
        },
        "2.5": {
            "HF": -7.944991634903039,
            "FCI": -7.997793667083447,
            "N_orb": 44
        },
        "3.0": {
            "HF": -7.9162955446168795,
            "FCI": -7.974317580830613,
            "N_orb": 44
        },
        "3.5": {
            "HF": -7.891790901995189,
            "FCI": -7.9585711513239366,
            "N_orb": 44
        },
        "4.0": {
            "HF": -7.8716360632383084,
            "FCI": -7.9506839910262785,
            "N_orb": 44
        },
        "4.5": {
            "HF": -7.855237171753344,
            "FCI": -7.9475911615425945,
            "N_orb": 44
        },
        "5.0": {
            "HF": -7.841918377363254,
            "FCI": -7.94649079578059,
            "N_orb": 44
        },
        "6.0": {
            "HF": -7.822466426111385,
            "FCI": -7.94596728774968,
            "N_orb": 44
        },
        "7.0": {
            "HF": -7.809961871096439,
            "FCI": -7.945896271386381,
            "N_orb": 44
        }
    }
}