{
    "aug-cc-pv5z": {
        "0.6": {
            "HF": -1.116379638515028,
            "FCI": -1.1558343195345688,
            "N_orb": 160,
            "CASSCF_2": -1.1256733941796433,
            "CASSCF_3": -1.1398996584599732,
            "CASSCF_5": -1.1512909252505297,
            "CASSCF_9": -1.1525886179426206,
            "CASSCF_13": -1.1528616826958087,
            "CASSCF_19": -1.1547531558310038
        },
        "0.7": {
            "HF": -1.1327812288497117,
            "FCI": -1.1729996828552136,
            "N_orb": 160,
            "CASSCF_2": -1.1413037445367258,
            "CASSCF_3": -1.1578159569249409,
            "CASSCF_5": -1.1686410756245,
            "CASSCF_9": -1.1699706371427903,
            "CASSCF_13": -1.1702226801902427,
            "CASSCF_19": -1.1720743636582904
        },
        "0.8": {
            "HF": -1.1308896679296394,
            "FCI": -1.172260918690835,
            "N_orb": 160,
            "CASSCF_2": -1.1387414934996447,
            "CASSCF_3": -1.1578536288079102,
            "CASSCF_5": -1.1630517801956604,
            "CASSCF_9": -1.1694437706095382,
            "CASSCF_13": -1.1696746564309572,
            "CASSCF_19": -1.171296912975715
        },
        "0.9": {
            "HF": -1.1192753108600362,
            "FCI": -1.1622133254623712,
            "N_orb": 160,
            "CASSCF_2": -1.1265385738129585,
            "CASSCF_3": -1.1485940808206923,
            "CASSCF_5": -1.1534724978339046,
            "CASSCF_9": -1.1596047522568804,
            "CASSCF_13": -1.1604970165128516,
            "CASSCF_19": -1.1612290105326324
        },
        "1.0": {
            "HF": -1.1025891470519986,
            "FCI": -1.1475418715441568,
            "N_orb": 160,
            "CASSCF_2": -1.1289173896944211,
            "CASSCF_3": -1.1347051417816245,
            "CASSCF_5": -1.139252556315999,
            "CASSCF_9": -1.1451394976283842,
            "CASSCF_13": -1.1459548363921965,
            "CASSCF_19": -1.1466384201354787
        },
        "1.5": {
            "HF": -1.0049934987811537,
            "FCI": -1.068115901129599,
            "N_orb": 160,
            "CASSCF_2": -1.0549122419625068,
            "CASSCF_3": -1.0583282616694214,
            "CASSCF_5": -1.0609527145111903,
            "CASSCF_9": -1.0667528189707776,
            "CASSCF_13": -1.0671912085546782,
            "CASSCF_19": -1.0676521196461786
        },
        "2.0": {
            "HF": -0.9264004516587723,
            "FCI": -1.0220811394014275,
            "N_orb": 160,
            "CASSCF_2": -1.0097157635389504,
            "CASSCF_3": -1.0180510596771208,
            "CASSCF_5": -1.0191096378014206,
            "CASSCF_9": -1.0215936482558272,
            "CASSCF_13": -1.0217360531867505,
            "CASSCF_19": -1.0219099731159755
        },
        "2.5": {
            "HF": -0.8717223666140834,
            "FCI": -1.0056942657014696,
            "N_orb": 160,
            "CASSCF_2": -0.9903790046422032,
            "CASSCF_3": -1.0044094229181857,
            "CASSCF_5": -1.0047394248754558,
            "CASSCF_9": -1.0055840424781934,
            "CASSCF_13": -1.0056054002582093,
            "CASSCF_19": -1.0056419738498423
        },
        "3.0": {
            "HF": -0.8347224963653141,
            "FCI": -1.0013527972937513,
            "N_orb": 160,
            "CASSCF_2": -0.9831257644966125,
            "CASSCF_3": -1.0009539460941228,
            "CASSCF_5": -1.001049905086221,
            "CASSCF_9": -1.0013276970860245,
            "CASSCF_13": -1.0013300526126576,
            "CASSCF_19": -1.001337661896192
        },
        "3.5": {
            "HF": -0.809702457920508,
            "FCI": -1.0003243484888182,
            "N_orb": 160,
            "CASSCF_2": -0.982603139330036,
            "CASSCF_3": -0.9998573245653538,
            "CASSCF_5": -0.9999166879205797,
            "CASSCF_9": -1.000315600584499,
            "CASSCF_13": -1.0003181228485256,
            "CASSCF_19": -1.0003215728410275
        },
        "4.0": {
            "HF": -0.792577165948465,
            "FCI": -1.0000816684824785,
            "N_orb": 160,
            "CASSCF_2": -0.9820816554658888,
            "CASSCF_3": -0.9999621609454684,
            "CASSCF_5": -0.9999656537519098,
            "CASSCF_9": -1.0000762898753723,
            "CASSCF_13": -1.0000794757035474,
            "CASSCF_19": -1.0000810362001142
        },
        "4.5": {
            "HF": -0.7806036768537422,
            "FCI": -1.00002036361804,
            "N_orb": 160,
            "CASSCF_2": -0.9819984126450049,
            "CASSCF_3": -0.9999841408028279,
            "CASSCF_5": -1.0000083128334514,
            "CASSCF_9": -1.000016604153296,
            "CASSCF_13": -1.0000201459120464,
            "CASSCF_19": -1.0000201592694082
        },
        "5.0": {
            "HF": -0.7719916118936925,
            "FCI": -1.00000242434642,
            "N_orb": 160,
            "CASSCF_2": -0.982164346006476,
            "CASSCF_3": -0.9999885526716337,
            "CASSCF_5": -0.9999959278183792,
            "CASSCF_9": -0.9999998576383353,
            "CASSCF_13": -0.9999986011543536,
            "CASSCF_19": -0.9999986138672528
        },
        "6.0": {
            "HF": -0.7606766748079941,
            "FCI": -0.9999931344718964,
            "N_orb": 160,
            "CASSCF_2": -0.9826271788070458,
            "CASSCF_3": -0.9999895443508375,
            "CASSCF_5": -0.9999908451113158,
            "CASSCF_9": -0.9999920347639732,
            "CASSCF_13": -0.9999929576249464,
            "CASSCF_19": -0.9999929606763418
        }
    }
}