{
    "cc-pvdz": {
        "0.6": {
            "HF": -1.1068924751448515,
            "FCI": -1.1391732932880727,
            "N_orb": 10
        },
        "0.7": {
            "HF": -1.1269246923009146,
            "FCI": -1.160904682478468,
            "N_orb": 10
        },
        "0.8": {
            "HF": -1.1270007208841997,
            "FCI": -1.1627507630227363,
            "N_orb": 10
        },
        "0.9": {
            "HF": -1.116391300444487,
            "FCI": -1.1540817061199786,
            "N_orb": 10
        },
        "1.0": {
            "HF": -1.1001537648784097,
            "FCI": -1.1400734808760387,
            "N_orb": 10
        },
        "1.5": {
            "HF": -1.0021927454865378,
            "FCI": -1.0615349496316142,
            "N_orb": 10
        },
        "2.0": {
            "HF": -0.9219085941148843,
            "FCI": -1.0175941140471514,
            "N_orb": 10
        },
        "2.5": {
            "HF": -0.865330120145507,
            "FCI": -1.00312925122816,
            "N_orb": 10
        },
        "3.0": {
            "HF": -0.8264478438857503,
            "FCI": -0.9995506185972307,
            "N_orb": 10
        },
        "3.5": {
            "HF": -0.7999929724456557,
            "FCI": -0.9987710557416717,
            "N_orb": 10
        },
        "4.0": {
            "HF": -0.7821982084329905,
            "FCI": -0.9986061861413683,
            "N_orb": 10
        },
        "4.5": {
            "HF": -0.7702462424217583,
            "FCI": -0.9985690947312192,
            "N_orb": 10
        },
        "5.0": {
            "HF": -0.7620443994818671,
            "FCI": -0.998559877201435,
            "N_orb": 10
        },
        "6.0": {
            "HF": -0.7517152503711974,
            "FCI": -0.9985570676311732,
            "N_orb": 10
        }
    },
    "cc-pvtz": {
        "0.6": {
            "HF": -1.1154096836531873,
            "FCI": -1.153517937663308,
            "N_orb": 28
        },
        "0.7": {
            "HF": -1.1320756654820707,
            "FCI": -1.1710146016708323,
            "N_orb": 28
        },
        "0.8": {
            "HF": -1.1302924423962293,
            "FCI": -1.1704062647133857,
            "N_orb": 28
        },
        "0.9": {
            "HF": -1.1187270761285761,
            "FCI": -1.1604128099840005,
            "N_orb": 28
        },
        "1.0": {
            "HF": -1.1020623237472962,
            "FCI": -1.145758846502663,
            "N_orb": 28
        },
        "1.5": {
            "HF": -1.0043041900286729,
            "FCI": -1.0661683663556392,
            "N_orb": 28
        },
        "2.0": {
            "HF": -0.925163923449609,
            "FCI": -1.0204550053602695,
            "N_orb": 28
        },
        "2.5": {
            "HF": -0.8696482211333021,
            "FCI": -1.0046798421771144,
            "N_orb": 28
        },
        "3.0": {
            "HF": -0.831767052097514,
            "FCI": -1.00072580635524,
            "N_orb": 28
        },
        "3.5": {
            "HF": -0.8059936189964474,
            "FCI": -0.9998577872298432,
            "N_orb": 28
        },
        "4.0": {
            "HF": -0.7883886907395622,
            "FCI": -0.999675051134656,
            "N_orb": 28
        },
        "4.5": {
            "HF": -0.7762586378266813,
            "FCI": -0.9996353941483612,
            "N_orb": 28
        },
        "5.0": {
            "HF": -0.7677440121453281,
            "FCI": -0.9996252768195011,
            "N_orb": 28
        },
        "6.0": {
            "HF": -0.7569108155183835,
            "FCI": -0.9996207933129844,
            "N_orb": 28
        }
    },
    "cc-pvqz": {
        "0.6": {
            "HF": -1.1161917834597503,
            "FCI": -1.1553104912711178,
            "N_orb": 60
        },
        "0.7": {
            "HF": -1.1326199584252943,
            "FCI": -1.1725277480844576,
            "N_orb": 60
        },
        "0.8": {
            "HF": -1.1307492161953974,
            "FCI": -1.1718210935101194,
            "N_orb": 60
        },
        "0.9": {
            "HF": -1.1191445923667573,
            "FCI": -1.1617826412176726,
            "N_orb": 60
        },
        "1.0": {
            "HF": -1.1024597443439896,
            "FCI": -1.1471024256048836,
            "N_orb": 60
        },
        "1.5": {
            "HF": -1.004785233710518,
            "FCI": -1.0675101812802494,
            "N_orb": 60
        },
        "2.0": {
            "HF": -0.9259433111921169,
            "FCI": -1.0214383802464244,
            "N_orb": 60
        },
        "2.5": {
            "HF": -0.8708453548293482,
            "FCI": -1.0052558252410737,
            "N_orb": 60
        },
        "3.0": {
            "HF": -0.8333309344725086,
            "FCI": -1.0010904671240282,
            "N_orb": 60
        },
        "3.5": {
            "HF": -0.8078384713058989,
            "FCI": -1.0001570312945645,
            "N_orb": 60
        },
        "4.0": {
            "HF": -0.7903817410592785,
            "FCI": -0.9999550330028185,
            "N_orb": 60
        },
        "4.5": {
            "HF": -0.7782577011029531,
            "FCI": -0.9999099495503828,
            "N_orb": 60
        },
        "5.0": {
            "HF": -0.7696568245216324,
            "FCI": -0.9998984598014196,
            "N_orb": 60
        },
        "6.0": {
            "HF": -0.758599147371571,
            "FCI": -0.9998930380387729,
            "N_orb": 60
        }
    },
    "cc-pv5z": {
        "0.6": {
            "HF": -1.116378386412425,
            "FCI": -1.1558146848890967,
            "N_orb": 110
        },
        "0.7": {
            "HF": -1.1327793599748976,
            "FCI": -1.1729738784929835,
            "N_orb": 110
        },
        "0.8": {
            "HF": -1.1308860270268533,
            "FCI": -1.1722261253932846,
            "N_orb": 110
        },
        "0.9": {
            "HF": -1.119268743417622,
            "FCI": -1.1621666492874658,
            "N_orb": 110
        },
        "1.0": {
            "HF": -1.102578036681289,
            "FCI": -1.1474800179114562,
            "N_orb": 110
        },
        "1.5": {
            "HF": -1.0049314450310458,
            "FCI": -1.0679495507366472,
            "N_orb": 110
        },
        "2.0": {
            "HF": -0.9262388229700034,
            "FCI": -1.0218615712890309,
            "N_orb": 110
        },
        "2.5": {
            "HF": -0.8714039549733623,
            "FCI": -1.005522921252349,
            "N_orb": 110
        },
        "3.0": {
            "HF": -0.8341963344963996,
            "FCI": -1.0012563902712925,
            "N_orb": 110
        },
        "3.5": {
            "HF": -0.8089859922787719,
            "FCI": -1.0002765957251665,
            "N_orb": 110
        },
        "4.0": {
            "HF": -0.7917528791306457,
            "FCI": -1.000060092022868,
            "N_orb": 110
        },
        "4.5": {
            "HF": -0.7797427796827882,
            "FCI": -1.000010449902347,
            "N_orb": 110
        },
        "5.0": {
            "HF": -0.7711494688637515,
            "FCI": -0.9999974123724502,
            "N_orb": 110
        },
        "6.0": {
            "HF": -0.7599511420751341,
            "FCI": -0.9999913470833064,
            "N_orb": 110
        }
    },
    "aug-cc-pvqz": {
        "0.6": {
            "HF": -1.116203784422754,
            "FCI": -1.155363076271296,
            "N_orb": 92
        },
        "0.7": {
            "HF": -1.1326336243377342,
            "FCI": -1.1725921387201743,
            "N_orb": 92
        },
        "0.8": {
            "HF": -1.1307640030755288,
            "FCI": -1.1719040766517885,
            "N_orb": 92
        },
        "0.9": {
            "HF": -1.1191637441393685,
            "FCI": -1.1618948784693963,
            "N_orb": 92
        },