{
    "1": [
        [
            1.3,
            1.4,
            1.5,
            1.6,
            1.7,
            1.8,
            1.9,
            2.0,
            2.5,
            3.0,
            3.5,
            4.0,
            4.5,
            5.0,
            6.0,
            7.0
        ],
        [
            -0.7262970437872351,
            -0.7364100109571308,
            -0.7421193818338159,
            -0.7444978858659907,
            -0.744349747741518,
            -0.7423230747337723,
            -0.7389410766129403,
            -0.7346113958110554,
            -0.70711587292385,
            -0.6797670418860895,
            -0.6571450308737528,
            -0.6408933274205321,
            -0.633453023458602,
            -0.6340279399728359,
            -0.6426122479300003,
            -0.6482799288399999
        ]
    ],
    "4": [
        [
            1.3,
            1.4,
            1.5,
            1.6,
            1.7,
            1.8,
            1.9,
            2.0,
            2.5,
            3.0,
            3.5,
            4.0,
            4.5,
            5.0,
            6.0,
            7.0
        ],
        [
            -0.7263310664271982,
            -0.7364482663490493,
            -0.7421513473331756,
            -0.7445345666997518,
            -0.7443919599710613,
            -0.7423717578084281,
            -0.7389973661264011,
            -0.7346766871729835,
            -0.7072636908222112,
            -0.6801638706961223,
            -0.6584056688522759,
            -0.6416275626441872,
            -0.6355513520892297,
            -0.6381167435791861,
            -0.6478893028135473,
            -0.6508816340781395
        ]
    ],
    "8": [
        [
            1.3,
            1.4,
            1.5,
            1.6,
            1.7,
            1.8,
            1.9,
            2.0,
            2.5,
            3.0,
            3.5,
            4.0,
            4.5,
            5.0,
            6.0,
            7.0
        ],
        [
            -0.7263370366736324,
            -0.7364548097870351,
            -0.7421697952359658,
            -0.7445547983849332,
            -0.7444141783515472,
            -0.7423962208814774,
            -0.7390243658191096,
            -0.7347065578957823,
            -0.7073149123869156,
            -0.6802619538496156,
            -0.6586325517769591,
            -0.6457719940806007,
            -0.6444268712801378,
            -0.6475134997907406,
            -0.6507392573077804,
            -0.6518938241428373
        ]
    ],
    "12": [
        [
            1.3,
            1.4,
            1.5,
            1.6,
            1.7,
            1.8,
            1.9,
            2.0,
            2.5,
            3.0,
            3.5,
            4.0,
            4.5,
            5.0,
            6.0,
            7.0
        ],
        [
            -0.726401270724272,
            -0.7364794970751667,
            -0.7422402526127458,
            -0.74463173444776,
            -0.7444988924761513,
            -0.7424404146384984,
            -0.7390723751008956,
            -0.7347594780780131,
            -0.7075648523419026,
            -0.6806124080251303,
            -0.6597588645406529,
            -0.6488538774448263,
            -0.6480342191513815,
            -0.6499092500521233,
            -0.6524658975259655,
            -0.6536929363871363
        ]
    ],
    "18": [
        [
            1.3,
            1.4,
            1.5,
            1.6,
            1.7,
            1.8,
            1.9,
            2.0,
            2.5,
            3.0,
            3.5,
            4.0,
            4.5,
            5.0,
            6.0,
            7.0
        ],
        [
            -0.7264036741752389,
            -0.7365264196683217,
            -0.7422473440541368,
            -0.7446372516027144,
            -0.7445048489950652,
            -0.7424967866076084,
            -0.7391368136961034,
            -0.7348332671940421,
            -0.7075754947390723,
            -0.6809477801760262,
            -0.6613496809822017,
            -0.6569818388639974,
            -0.6552331616581317,
            -0.6545390990898365,
            -0.6546359471209304,
            -0.6565073601203744
        ]
    ]
}