{
    "1": [
        [
            0.6,
            0.7,
            0.8,
            0.9,
            1.0,
            1.5,
            2.0,
            2.5,
            3.0,
            3.5,
            4.0,
            4.5,
            5.0,
            6.0
        ],
        [
            -1.1374888977532216,
            -1.1532105994236888,
            -1.1512840681772638,
            -1.1412525659709374,
            -1.127439424828602,
            -1.0531644609443076,
            -1.0080009993065073,
            -0.9885895728422037,
            -0.9813667316453384,
            -0.9787730455517012,
            -0.9779901259687263,
            -0.977902911030881,
            -0.9779964893790887,
            -0.9778340435228204
        ],
        [
            -1.1374888977752973,
            -1.153211071110685,
            -1.1512842109708288,
            -1.1412525824372617,
            -1.1274394248368624,
            -1.0531644609446569,
            -1.0080010176926537,
            -0.9885895729555362,
            -0.9814979644000007,
            -0.9805444872999998,
            -0.9799383291000003,
            -0.9797276406000002,
            -0.9796952995000001,
            -0.9794667261300004
        ]
    ],
    "2": [
        [
            0.6,
            0.7,
            0.8,
            0.9,
            1.0,
            1.5,
            2.0,
            2.5,
            3.0,
            3.5,
            4.0,
            4.5,
            5.0,
            6.0
        ],
        [
            -1.1455821571998015,
            -1.1607262958933249,
            -1.15818742190302,
            -1.1475505685749372,
            -1.1331601793336799,
            -1.0564753752073768,
            -1.0096974361145312,
            -0.9988736474105501,
            -0.9960156063439457,
            -0.9953390970345555,
            -0.995101630941589,
            -0.9949181730592889,
            -0.9947554218417214,
            -0.9944764692207818
        ],
        [
            -1.1455822862726615,
            -1.1607264889422304,
            -1.1581874398886165,
            -1.1475508169361768,
            -1.133160349716168,
            -1.05647547950613,
            -1.0096977772408522,
            -0.9988736606233967,
            -0.9960160736587239,
            -0.9953393839080373,
            -0.9951481480919155,
            -0.9950243598040094,
            -0.9948710403527306,
            -0.9945949744597798
        ]
    ],
    "4": [
        [
            0.6,
            0.7,
            0.8,
            0.9,
            1.0,
            1.5,
            2.0,
            2.5,
            3.0,
            3.5,
            4.0,
            4.5,
            5.0,
            6.0
        ],
        [
            -1.157294908721837,
            -1.1717936660487256,
            -1.1685919019578523,
            -1.157274997367229,
            -1.1421912049450402,
            -1.0620148261836506,
            -1.0122803648164602,
            -0.9994451385490205,
            -0.9972522726124154,
            -0.9962693282720323,
            -0.9961525633290811,
            -0.99609321035166,
            -0.9960123998054196,
            -0.9958679495245139
        ],
        [
            -1.1572949087220838,
            -1.1717936660490813,
            -1.1685919019580218,
            -1.157275244530111,
            -1.1421914306492356,
            -1.0620148818279598,
            -1.012280617870703,
            -0.9994451465365738,
            -0.9972522912935785,
            -0.9962697506694158,
            -0.9961526091349282,
            -0.9960971809584862,
            -0.9960261939435056,
            -0.9958783719328813
        ]
    ]
}