{
    "1": [
        [
            0.6,
            0.7,
            0.8,
            0.9,
            1.0,
            1.5,
            2.0,
            2.5,
            3.0,
            3.5,
            4.0,
            4.5,
            5.0,
            6.0
        ],
        [
            -1.1374888977532216,
            -1.1532110711011203,
            -1.1512842109691523,
            -1.1412525824359068,
            -1.127439424836691,
            -1.053164432722856,
            -1.008001016655474,
            -0.9885895729554949,
            -0.9813667355859718,
            -0.9787730497525762,
            -0.9779901259724475,
            -0.9779028918715542,
            -0.9779964905403291,
            -0.9778340262363979
        ],
        [
            -1.1374888977752973,
            -1.153211071110685,
            -1.1512842109708288,
            -1.1412525824372617,
            -1.1274394248368624,
            -1.0531644609446569,
            -1.0080010176926537,
            -0.9885895729555362,
            -0.9814979644000007,
            -0.9805444872999998,
            -0.9799383291000003,
            -0.9797276406000002,
            -0.9796952995000001,
            -0.9794667261300004
        ]
    ],
    "2": [
        [
            0.6,
            0.7,
            0.8,
            0.9,
            1.0,
            1.5,
            2.0,
            2.5,
            3.0,
            3.5,
            4.0,
            4.5,
            5.0,
            6.0
        ],
        [
            -1.1455822835885672,
            -1.1607264763494662,
            -1.158187439888555,
            -1.1475508045940823,
            -1.1331603497144962,
            -1.0564754782605223,
            -1.0096977766205364,
            -0.9988736493678491,
            -0.9960160421094518,
            -0.9953393820811118,
            -0.995101929713871,
            -0.9949183880191188,
            -0.9947555977838747,
            -0.9944766290671306
        ],
        [
            -1.1455822862726615,
            -1.1607264889422304,
            -1.1581874398886165,
            -1.1475508169361768,
            -1.133160349716168,
            -1.05647547950613,
            -1.0096977772408522,
            -0.9988736606233967,
            -0.9960160736587239,
            -0.9953393839080373,
            -0.9951481480919155,
            -0.9950243598040094,
            -0.9948710403527306,
            -0.9945949744597798
        ]
    ],
    "4": [
        [
            0.6,
            0.7,
            0.8,
            0.9,
            1.0,
            1.5,
            2.0,
            2.5,
            3.0,
            3.5,
            4.0,
            4.5,
            5.0,
            6.0
        ],
        [
            -1.157294908721837,
            -1.1717936545134753,
            -1.1685919016238637,
            -1.1572752433600284,
            -1.1421914199732481,
            -1.0620148759643406,
            -1.0122805819629308,
            -0.9994451388684734,
            -0.9972522821534636,
            -0.9962697340040092,
            -0.9961525970559817,
            -0.9960933395879457,
            -0.9960124519182558,
            -0.9958681226218741
        ],
        [
            -1.1572949087220838,
            -1.1717936660490813,
            -1.1685919019580218,
            -1.157275244530111,
            -1.1421914306492356,
            -1.0620148818279598,
            -1.012280617870703,
            -0.9994451465365738,
            -0.9972522912935785,
            -0.9962697506694158,
            -0.9961526091349282,
            -0.9960971809584862,
            -0.9960261939435056,
            -0.9958783719328813
        ]
    ],
    "8": [
        [
            0.6,
            0.7,
            0.8,
            0.9,
            1.0,
            1.5,
            2.0,
            2.5,
            3.0,
            3.5,
            4.0,
            4.5,
            5.0,
            6.0
        ],
        [
            -1.159024418178552,
            -1.173530896756498,
            -1.1703414192731867,
            -1.1590470312944787,
            -1.1440022776209973,
            -1.0648032540637589,
            -1.018764043218868,
            -1.0020547508451305,
            -0.9973876630590895,
            -0.9963200608713929,
            -0.9961438194863039,
            -0.9960950932563635,
            -0.9960160627787411,
            -0.9958664665026878
        ],
        [
            -1.159024422221225,
            -1.1735309029149996,
            -1.170341433765718,
            -1.159047032762805,
            -1.1440022890141481,
            -1.064803276539804,
            -1.0187640470651853,
            -1.0020547796581334,
            -0.9973877001181387,
            -0.9963200831946961,
            -0.9961438465265762,
            -0.9960986832230307,
            -0.996029086667386,
            -0.9958765023481456
        ]
    ],
    "10": [
        [
            0.6,
            0.7,
            0.8,
            0.9,
            1.0,
            1.5,
            2.0,
            2.5,
            3.0,
            3.5,
            4.0,
            4.5,
            5.0,
            6.0
        ],
        [
            -1.1596868612917512,
            -1.1741261831829835,
            -1.1708726163344256,
            -1.1595188892911876,
            -1.1444200973409044,
            -1.0650138532237763,
            -1.0189841857173185,
            -1.0024193886336301,
            -0.9978652588567593,
            -0.9969771733877077,
            -0.9969251937405097,
            -0.9969639794017384,
            -0.997019252348452,
            -0.9969749202474526
        ],
        [
            -1.1596868641914162,
            -1.1741261930035667,
            -1.1708726316442037,
            -1.1595188934579088,
            -1.144420107391964,
            -1.0650138815469001,
            -1.0189841921437106,
            -1.0024193961521142,
            -0.9978652789264523,
            -0.9969771786381973,
            -0.9969252031921112,
            -0.9969639962369483,
            -0.9970196189534473,
            -0.9969749286683914
        ]
    ],
    "12": [
        [
            0.6,
            0.7,
            0.8,
            0.9,
            1.0,
            1.5,
            2.0,
            2.5,
            3.0,
            3.5,
            4.0,
            4.5,
            5.0,
            6.0
        ],
        [
            -1.1602454821144945,
            -1.1746340368998913,
            -1.1713335050987872,
            -1.159935836681392,
            -1.1447956658416636,
            -1.0652116661555815,
            -1.0190769599478002,
            -1.002672741555138,
            -0.9979118623505435,
            -0.9969898201014238,
            -0.9969251010949141,
            -0.9969661962227347,
            -0.9970147737850643,
            -0.996974024901936
        ],
        [
            -1.1602454844327197,
            -1.1746340488226266,
            -1.1713335217283776,
            -1.1599358412368108,
            -1.1447956777769264,
            -1.065211675359657,
            -1.019076962979292,
            -1.0026727470490848,
            -0.9979118792965381,
            -0.996989846068691,
            -0.9969251078685382,
            -0.9969662027536785,
            -0.9970152277899413,
            -0.9969740297170276
        ]
    ]
}