{
    "1": [
        [
            1.3,
            1.4,
            1.5,
            1.6,
            1.7,
            1.8,
            1.9,
            2.0,
            2.5,
            3.0,
            3.5,
            4.0,
            4.5,
            5.0,
            6.0,
            7.0
        ],
        [
            -0.7408700314270542,
            -0.7508555783836715,
            -0.7567063160144616,
            -0.7594676480613516,
            -0.7598994872237124,
            -0.7586034778918127,
            -0.7560638701487716,
            -0.7526588370381542,
            -0.7303973921169994,
            -0.7083890487805615,
            -0.6904653323625469,
            -0.6772150964366882,
            -0.6686650608395954,
            -0.6642378206228252,
            -0.6636550318300002,
            -0.6637155838400001
        ]
    ],
    "4": [
        [
            1.3,
            1.4,
            1.5,
            1.6,
            1.7,
            1.8,
            1.9,
            2.0,
            2.5,
            3.0,
            3.5,
            4.0,
            4.5,
            5.0,
            6.0,
            7.0
        ],
        [
            -0.7602987172185645,
            -0.7700217249316217,
            -0.775520789663084,
            -0.7778435516491871,
            -0.7777709692173169,
            -0.7759291496717271,
            -0.7728253357900241,
            -0.7688541588395468,
            -0.7439667615242612,
            -0.7197557307785478,
            -0.6998310096648439,
            -0.6846903362215891,
            -0.6863916431271462,
            -0.6861349218861589,
            -0.6871327341517627,
            -0.6873882979633122
        ]
    ],
    "8": [
        [
            1.3,
            1.4,
            1.5,
            1.6,
            1.7,
            1.8,
            1.9,
            2.0,
            2.5,
            3.0,
            3.5,
            4.0,
            4.5,
            5.0,
            6.0,
            7.0
        ],
        [
            -0.7618059620848014,
            -0.7714989638294316,
            -0.776973206647984,
            -0.7792784915720496,
            -0.7791931409264508,
            -0.7773436769619646,
            -0.7742380798793584,
            -0.7702721269532131,
            -0.7455906503992976,
            -0.722145839646765,
            -0.7040429874820797,
            -0.692319415516919,
            -0.687662645131633,
            -0.6877737109410808,
            -0.6894227814456255,
            -0.6894532732060936
        ]
    ],
    "12": [
        [
            1.3,
            1.4,
            1.5,
            1.6,
            1.7,
            1.8,
            1.9,
            2.0,
            2.5,
            3.0,
            3.5,
            4.0,
            4.5,
            5.0,
            6.0,
            7.0
        ],
        [
            -0.7627345102051557,
            -0.7724028711702273,
            -0.7778502418121787,
            -0.7801268410961695,
            -0.7800195001080417,
            -0.7781326705816634,
            -0.7749979390405735,
            -0.771002331781947,
            -0.746197379632665,
            -0.7226232704204231,
            -0.7044265287684959,
            -0.6945377663003836,
            -0.6901517980237892,
            -0.6892179821770607,
            -0.6894284951395301,
            -0.6894553914593803
        ]
    ],
    "18": [
        [
            1.3,
            1.4,
            1.5,
            1.6,
            1.7,
            1.8,
            1.9,
            2.0,
            2.5,
            3.0,
            3.5,
            4.0,
            4.5,
            5.0,
            6.0,
            7.0
        ],
        [
            -0.7631870213230048,
            -0.7728610051829325,
            -0.7783102891184241,
            -0.7805836210264308,
            -0.7804626731425199,
            -0.7785776860484066,
            -0.7754374265229627,
            -0.7714449638717729,
            -0.7466603285174622,
            -0.7232713890528284,
            -0.7055644581889668,
            -0.6947249526268361,
            -0.6907666073632146,
            -0.6903151957452847,
            -0.690250493437864,
            -0.690110440625859
        ]
    ]
}