{
    "1": [
        [
            0.6,
            0.7,
            0.8,
            0.9,
            1.0,
            1.5,
            2.0,
            2.5,
            3.0,
            3.5,
            4.0,
            4.5,
            5.0,
            6.0
        ],
        [
            -1.1374888977532216,
            -1.1532105994236888,
            -1.1512840681772638,
            -1.1412525659709374,
            -1.127439424828602,
            -1.0531644609443076,
            -1.0080009993065073,
            -0.9885895728422037,
            -0.9811129606867893,
            -0.9781701685306377,
            -0.9769409728932905,
            -0.9763882686723298,
            -0.9762053042431462,
            -0.9807874817508594
        ],
        [
            -1.1374888977752973,
            -1.153211071110685,
            -1.1512842109708288,
            -1.1412525824372617,
            -1.1274394248368624,
            -1.0531644609446569,
            -1.0080010176926537,
            -0.9885895729555362,
            -0.9811129655087228,
            -0.9797075082000004,
            -0.9786831542000005,
            -0.9778206504000004,
            -0.9763272849000002,
            -0.9807874881669417
        ]
    ],
    "2": [
        [
            0.6,
            0.7,
            0.8,
            0.9,
            1.0,
            1.5,
            2.0,
            2.5,
            3.0,
            3.5,
            4.0,
            4.5,
            5.0,
            6.0
        ],
        [
            -1.1455821571998015,
            -1.1607262958933249,
            -1.15818742190302,
            -1.1475505685749372,
            -1.1331601793336799,
            -1.0564753752073768,
            -1.0096974361145312,
            -0.9988736474105501,
            -0.9961544185140153,
            -0.9954236361203064,
            -0.9949843475342379,
            -0.9943574455404149,
            -0.9934255644352394,
            -0.991177983199767
        ],
        [
            -1.1455822862726615,
            -1.1607264889422304,
            -1.1581874398886165,
            -1.1475508169361768,
            -1.133160349716168,
            -1.05647547950613,
            -1.0096977772408522,
            -0.9988736606233967,
            -0.9961548313167982,
            -0.9954238860704738,
            -0.9949845824210404,
            -0.994357610786947,
            -0.9934258257997788,
            -0.9911780662604787
        ]
    ],
    "4": [
        [
            0.6,
            0.7,
            0.8,
            0.9,
            1.0,
            1.5,
            2.0,
            2.5,
            3.0,
            3.5,
            4.0,
            4.5,
            5.0,
            6.0
        ],
        [
            -1.157294908721837,
            -1.1717936660487256,
            -1.1685919019578523,
            -1.157274997367229,
            -1.1421912049450402,
            -1.0620148261836506,
            -1.0122803648164602,
            -0.9994451385490205,
            -0.9962824174711479,
            -0.9956988589740479,
            -0.9950306581138859,
            -0.9944023659706371,
            -0.9935395594622585,
            -0.9933677922956271
        ],
        [
            -1.1572949087220838,
            -1.1717936660490813,
            -1.1685919019580218,
            -1.157275244530111,
            -1.1421914306492356,
            -1.0620148818279598,
            -1.012280617870703,
            -0.9994451465365738,
            -0.9962824358701462,
            -0.9956991225730158,
            -0.9950307860545313,
            -0.9944024287929409,
            -0.9935396965266883,
            -0.993367821747447
        ]
    ],
    "8": [
        [
            0.6,
            0.7,
            0.8,
            0.9,
            1.0,
            1.5,
            2.0,
            2.5,
            3.0,
            3.5,
            4.0,
            4.5,
            5.0,
            6.0
        ],
        [
            -1.1590243864246836,
            -1.1735308952858359,
            -1.1703413938892748,
            -1.159046491199506,
            -1.1440019767195804,
            -1.0648032300646524,
            -1.0187639768941028,
            -1.0020546698005637,
            -0.99741122542747,
            -0.9961837039749242,
            -0.9958066993984296,
            -0.9948672021664771,
            -0.9938581642424402,
            -0.9939959497207028
        ],
        [
            -1.159024422221225,
            -1.1735309029149996,
            -1.170341433765718,
            -1.159047032762805,
            -1.1440022890141481,
            -1.064803276539804,
            -1.0187640470651853,
            -1.0020547796581334,
            -0.9974113329829223,
            -0.9961837601336554,
            -0.9958069800870801,
            -0.9948672741870517,
            -0.9938583865311992,
            -0.9939963348158164
        ]
    ],
    "10": [
        [
            0.6,
            0.7,
            0.8,
            0.9,
            1.0,
            1.5,
            2.0,
            2.5,
            3.0,
            3.5,
            4.0,
            4.5,
            5.0,
            6.0
        ],
        [
            -1.1593567652015981,
            -1.1738294514185375,
            -1.170607999724916,
            -1.1592837510574432,
            -1.1442119247733973,
            -1.0649093403472196,
            -1.0189263776591857,
            -1.0023781890020635,
            -0.9978874380629931,
            -0.9966976498878861,
            -0.9961705479737306,
            -0.9955973083403464,
            -0.994690837104542,
            -0.9945344241514501
        ],
        [
            -1.1596868641914162,
            -1.1741261930035667,
            -1.1708726316442037,
            -1.1595188934579088,
            -1.144420107391964,
            -1.0650138815469001,
            -1.0189841921437106,
            -1.0024193961521142,
            -0.9979103986383348,
            -0.9967073292808166,
            -0.9964734594582574,
            -0.9960711115281371,
            -0.9951977087008579,
            -0.9949915517636684
        ]
    ],
    "12": [
        [
            0.6,
            0.7,
            0.8,
            0.9,
            1.0,
            1.5,
            2.0,
            2.5,
            3.0,
            3.5,
            4.0,
            4.5,
            5.0,
            6.0
        ],
        [
            -1.1593567652015981,
            -1.1738294514185375,
            -1.170607999724916,
            -1.1592837510574432,
            -1.1442119247733973,
            -1.0649030106755404,
            -1.0189264181923208,
            -1.002378265537637,
            -0.9978849917998248,
            -0.9966967791830925,
            -0.9961730254974666,
            -0.9955997341735712,
            -0.9946950404855619,
            -0.9945343293638403
        ],
        [
            -1.1602454844327197,
            -1.1746340488226266,
            -1.1713335217283776,
            -1.1599358412368108,
            -1.1447956777769264,
            -1.065211675359657,
            -1.019076962979292,
            -1.0026727470490848,
            -0.9979669726022341,
            -0.997647824672137,
            -0.9971926602237338,
            -0.9966856495938636,
            -0.9952035497462366,
            -0.9950197872371352
        ]
    ],