{
    "1.3": {
        "HF": -0.7336234461246004,
        "FCI": -0.7713354729026932,
        "N_orb": 85
    },
    "1.4": {
        "HF": -0.7432730865260082,
        "FCI": -0.7805806699697997,
        "N_orb": 85
    },
    "1.5": {
        "HF": -0.7482076066871115,
        "FCI": -0.785266653163379,
        "N_orb": 85
    },
    "1.6": {
        "HF": -0.7497245211576911,
        "FCI": -0.7866772300147562,
        "N_orb": 85
    },
    "1.7": {
        "HF": -0.7487790054376419,
        "FCI": -0.785756967476657,
        "N_orb": 85
    },
    "1.8": {
        "HF": -0.7460801095885591,
        "FCI": -0.783205072785098,
        "N_orb": 85
    },
    "1.9": {
        "HF": -0.7421520759879086,
        "FCI": -0.7795344298814433,
        "N_orb": 85
    },
    "2.0": {
        "HF": -0.7373783043005855,
        "FCI": -0.7751172211284816,
        "N_orb": 85
    },
    "2.5": {
        "HF": -0.7084663481030293,
        "FCI": -0.7492533359704778,
        "N_orb": 85
    },
    "3.0": {
        "HF": -0.680083933740199,
        "FCI": -0.7259992185842382,
        "N_orb": 85
    },
    "3.5": {
        "HF": -0.6559553348458086,
        "FCI": -0.7098685800919139,
        "N_orb": 85
    },
    "4.0": {
        "HF": -0.636241441613744,
        "FCI": -0.7013767173337145,
        "N_orb": 85
    },
    "4.5": {
        "HF": -0.6203280370860939,
        "FCI": -0.6979305055019847,
        "N_orb": 85
    },
    "5.0": {
        "HF": -0.6075099216252162,
        "FCI": -0.6966853986885425,
        "N_orb": 85
    },
    "6.0": {
        "HF": -0.5887876921144694,
        "FCI": -0.6960868562885115,
        "N_orb": 85
    },
    "7.0": {
        "HF": -0.5765557381271664,
        "FCI": -0.6960073070872346,
        "N_orb": 85
    }
}