{
    "1": [
        [
            1.3,
            1.4,
            1.5,
            1.6,
            1.7,
            1.8,
            1.9,
            2.0,
            2.5,
            3.0,
            3.5,
            4.0,
            4.5,
            5.0,
            6.0,
            7.0
        ],
        [
            -0.7408700314264012,
            -0.7508555783834552,
            -0.756706316014427,
            -0.7594676434702778,
            -0.759899486236419,
            -0.7586034775226933,
            -0.7560638699168507,
            -0.7526588369382643,
            -0.7303973884727357,
            -0.7083890487683365,
            -0.6904653308940241,
            -0.677215096423667,
            -0.6686650515012413,
            -0.6642378165237142,
            -0.6618564660915051,
            -0.661775031184218
        ],
        [
            -0.7408700314270542,
            -0.7508555783836715,
            -0.7567063160144618,
            -0.7594676480613516,
            -0.7598994872237124,
            -0.7586034778918127,
            -0.7560638701487716,
            -0.7526588370381544,
            -0.7303973921169994,
            -0.7083890487805615,
            -0.6904653323625469,
            -0.6772150964366882,
            -0.6686650608395952,
            -0.6642378206228253,
            -0.6636550318300002,
            -0.6637155838400001
        ]
    ],
    "4": [
        [
            1.3,
            1.4,
            1.5,
            1.6,
            1.7,
            1.8,
            1.9,
            2.0,
            2.5,
            3.0,
            3.5,
            4.0,
            4.5,
            5.0,
            6.0,
            7.0
        ],
        [
            -0.7602987091906643,
            -0.7700216893863383,
            -0.7755207737227914,
            -0.777843533186996,
            -0.7777709385666465,
            -0.7759291441312586,
            -0.7728253334786577,
            -0.7688541555016033,
            -0.743966757756523,
            -0.7197557270638756,
            -0.699831006152557,
            -0.6846903309138197,
            -0.6863916035243709,
            -0.6861349175521552,
            -0.6871326855070514,
            -0.6873882688149587
        ],
        [
            -0.7602987172185649,
            -0.7700217249316217,
            -0.775520789663084,
            -0.7778435516491875,
            -0.7777709692173174,
            -0.7759291496717269,
            -0.7728253357900245,
            -0.7688541588395463,
            -0.7439667615242608,
            -0.7197557307785476,
            -0.6998310096648441,
            -0.6846903362215894,
            -0.686391643127146,
            -0.6861349218861593,
            -0.6871327341517626,
            -0.6873882979633121
        ]
    ],
    "8": [
        [
            1.3,
            1.4,
            1.5,
            1.6,
            1.7,
            1.8,
            1.9,
            2.0,
            2.5,
            3.0,
            3.5,
            4.0,
            4.5,
            5.0,
            6.0,
            7.0
        ],
        [
            -0.7618059604052783,
            -0.771498962118361,
            -0.7769731961115465,
            -0.7792784814527516,
            -0.7791931336039826,
            -0.7773436713288124,
            -0.7742380747521755,
            -0.770272122104501,
            -0.7455906294664838,
            -0.7221458234495066,
            -0.7040429686215472,
            -0.6923194022866481,
            -0.6876626327863904,
            -0.687773700835407,
            -0.6894227723560143,
            -0.6894532491538389
        ],
        [
            -0.7618059620848014,
            -0.7714989638294316,
            -0.776973206647984,
            -0.7792784915720496,
            -0.7791931409264508,
            -0.7773436769619646,
            -0.7742380798793584,
            -0.7702721269532131,
            -0.745590650399299,
            -0.722145839646765,
            -0.7040429874820797,
            -0.692319415516919,
            -0.687662645131633,
            -0.6877737109410808,
            -0.6894227814456255,
            -0.6894532732060935
        ]
    ],
    "12": [
        [
            1.3,
            1.4,
            1.5,
            1.6,
            1.7,
            1.8,
            1.9,
            2.0,
            2.5,
            3.0,
            3.5,
            4.0,
            4.5,
            5.0,
            6.0,
            7.0
        ],
        [
            -0.7627344998817374,
            -0.7724028602359527,
            -0.7778502264697915,
            -0.7801268202291352,
            -0.78001948683351,
            -0.7781326534051689,
            -0.7749979139387966,
            -0.7710023164050483,
            -0.7461973724204706,
            -0.7226232476634079,
            -0.7044265061076089,
            -0.6945377305788143,
            -0.6901517800149897,
            -0.6892179670525216,
            -0.6894284876274471,
            -0.6894553426578568
        ],
        [
            -0.7627345102051557,
            -0.7724028711702255,
            -0.7778502418121787,
            -0.7801268410961695,
            -0.7800195001080417,
            -0.7781326705816642,
            -0.7749979390405743,
            -0.7710023317819465,
            -0.7461973796326649,
            -0.7226232704204231,
            -0.7044265287684959,
            -0.6945377663003836,
            -0.6901517980237892,
            -0.6892179821770605,
            -0.6894284951395301,
            -0.6894553914593802
        ]
    ]
}