{
    "1": [
        [
            0.6,
            0.7,
            0.8,
            0.9,
            1.0,
            1.5,
            2.0,
            2.5,
            3.0,
            3.5,
            4.0,
            4.5,
            5.0,
            6.0
        ],
        [
            -1.1374888977752973,
            -1.153211071110685,
            -1.1512842109708288,
            -1.1412525824372617,
            -1.1274394248368624,
            -1.0531644609446569,
            -1.0080010176926537,
            -0.9885895729555362,
            -0.9814979644000007,
            -0.9805444872999998,
            -0.9799383291000003,
            -0.9797276406000002,
            -0.9796952995000001,
            -0.9794667261300004
        ]
    ],
    "2": [
        [
            0.6,
            0.7,
            0.8,
            0.9,
            1.0,
            1.5,
            2.0,
            2.5,
            3.0,
            3.5,
            4.0,
            4.5,
            5.0,
            6.0
        ],
        [
            -1.1455822862726615,
            -1.1607264889422304,
            -1.1581874398886165,
            -1.1475508169361768,
            -1.133160349716168,
            -1.05647547950613,
            -1.0096977772408522,
            -0.9988736606233967,
            -0.9960160736587239,
            -0.9953393839080373,
            -0.9951481480919155,
            -0.9950243598040094,
            -0.9948710403527306,
            -0.9945949744597798
        ]
    ],
    "4": [
        [
            0.6,
            0.7,
            0.8,
            0.9,
            1.0,
            1.5,
            2.0,
            2.5,
            3.0,
            3.5,
            4.0,
            4.5,
            5.0,
            6.0
        ],
        [
            -1.1572949087220838,
            -1.1717936660490813,
            -1.1685919019580218,
            -1.157275244530111,
            -1.1421914306492356,
            -1.0620148818279598,
            -1.012280617870703,
            -0.9994451465365738,
            -0.9972522912935785,
            -0.9962697506694158,
            -0.9961526091349282,
            -0.9960971809584862,
            -0.9960261939435056,
            -0.9958783719328813
        ]
    ],
    "8": [
        [
            0.6,
            0.7,
            0.8,
            0.9,
            1.0,
            1.5,
            2.0,
            2.5,
            3.0,
            3.5,
            4.0,
            4.5,
            5.0,
            6.0
        ],
        [
            -1.159024422221225,
            -1.1735309029149996,
            -1.170341433765718,
            -1.159047032762805,
            -1.1440022890141481,
            -1.064803276539804,
            -1.0187640470651853,
            -1.0020547796581334,
            -0.9973877001181387,
            -0.9963200831946961,
            -0.9961438465265762,
            -0.9960986832230307,
            -0.996029086667386,
            -0.9958765023481456
        ]
    ],
    "10": [
        [
            0.6,
            0.7,
            0.8,
            0.9,
            1.0,
            1.5,
            2.0,
            2.5,
            3.0,
            3.5,
            4.0,
            4.5,
            5.0,
            6.0
        ],
        [
            -1.1596868641914162,
            -1.1741261930035667,
            -1.1708726316442037,
            -1.1595188934579088,
            -1.144420107391964,
            -1.0650138815469001,
            -1.0189841921437106,
            -1.0024193961521142,
            -0.9978652789264523,
            -0.9969771786381973,
            -0.9969252031921112,
            -0.9969639962369483,
            -0.9970196189534473,
            -0.9969749286683914
        ]
    ],
    "12": [
        [
            0.6,
            0.7,
            0.8,
            0.9,
            1.0,
            1.5,
            2.0,
            2.5,
            3.0,
            3.5,
            4.0,
            4.5,
            5.0,
            6.0
        ],
        [
            -1.1602454844327197,
            -1.1746340488226266,
            -1.1713335217283776,
            -1.1599358412368108,
            -1.1447956777769264,
            -1.065211675359657,
            -1.019076962979292,
            -1.0026727470490848,
            -0.9979118792965381,
            -0.996989846068691,
            -0.9969251078685382,
            -0.9969662027536785,
            -0.9970152277899413,
            -0.9969740297170276
        ]
    ],
    "18": [
        [
            0.6,
            0.7,
            0.8,
            0.9,
            1.0,
            1.5,
            2.0,
            2.5,
            3.0,
            3.5,
            4.0,
            4.5,
            5.0,
            6.0
        ],
        [
            -1.1608928114436405,
            -1.1752556086946433,
            -1.1719294339083837,
            -1.1605084823516187,
            -1.1453480275996621,
            -1.0657196085771867,
            -1.0194761764651386,
            -1.0029448035289334,
            -0.9987378701501918,
            -0.9976720925362332,
            -0.997372960025984,
            -0.9972633607303507,
            -0.9972544608374041,
            -0.9970920833309204
        ]
    ],
    "no_": [
        [
            0.6,
            0.7,
            0.8,
            0.9,
            1.0,
            1.5,
            2.0,
            2.5,
            3.0,
            3.5,
            4.0,
            4.5,
            5.0,
            6.0
        ],
        [
            -1.1239227360309025,
            -1.1374768612808457,
            -1.133176625089829,
            -1.120731766815188,
            -1.1047103882211917,
            -1.028421681212799,
            -0.990200876092189,
            -0.977936899593774,
            -0.9704603046955685,
            -0.9714251132351783,
            -0.9722705375198071,
            -0.973043431512304,
            -0.973883139074319,
            -0.9743276354345088
        ]
    ]
}