{
    "1": [
        [
            0.6,
            0.7,
            0.8,
            0.9,
            1.0,
            1.5,
            2.0,
            2.5,
            3.0,
            3.5,
            4.0,
            4.5,
            5.0,
            6.0
        ],
        [
            -1.1237425735417965,
            -1.137152760505169,
            -1.1325599168852285,
            -1.1195413702253214,
            -1.102502401374763,
            -1.020440005191059,
            -0.9839450812269068,
            -0.972801907108572,
            -0.9679171099444913,
            -0.968647805,
            -0.9691555748999998,
            -0.9694938597000005,
            -0.9697979398000001,
            -0.9701921073299998
        ]
    ],
    "2": [
        [
            0.6,
            0.7,
            0.8,
            0.9,
            1.0,
            1.5,
            2.0,
            2.5,
            3.0,
            3.5,
            4.0,
            4.5,
            5.0,
            6.0
        ],
        [
            -1.1237389624272354,
            -1.1371400338471924,
            -1.1325212394406414,
            -1.1194278411361043,
            -1.102171924103409,
            -1.0204482707181304,
            -0.9840184038417497,
            -0.9732941995866197,
            -0.9682070598380891,
            -0.9691981715525406,
            -0.9699046034965035,
            -0.9704409170911397,
            -0.9709026337407838,
            -0.9714367284598605
        ]
    ],
    "4": [
        [
            0.6,
            0.7,
            0.8,
            0.9,
            1.0,
            1.5,
            2.0,
            2.5,
            3.0,
            3.5,
            4.0,
            4.5,
            5.0,
            6.0
        ],
        [
            -1.1237471445811253,
            -1.1371587247953407,
            -1.132567481896911,
            -1.11955061487643,
            -1.1025134966995358,
            -1.0204768740849774,
            -0.9841625812382349,
            -0.9735723186569506,
            -0.9682855401898901,
            -0.9692484637892362,
            -0.9699676105890922,
            -0.9705061418203844,
            -0.9709671908973845,
            -0.9714631606095269
        ]
    ],
    "8": [
        [
            0.6,
            0.7,
            0.8,
            0.9,
            1.0,
            1.5,
            2.0,
            2.5,
            3.0,
            3.5,
            4.0,
            4.5,
            5.0,
            6.0
        ],
        [
            -1.1238787840721856,
            -1.1374163798767531,
            -1.133096731153828,
            -1.1206307849344155,
            -1.104587974964717,
            -1.0282291471660707,
            -0.9900440567069224,
            -0.977852889043129,
            -0.9704516690647446,
            -0.9714251131273572,
            -0.9722705370186431,
            -0.973043428612248,
            -0.9737335539415055,
            -0.9743102958376174
        ]
    ],
    "10": [
        [
            0.6,
            0.7,
            0.8,
            0.9,
            1.0,
            1.5,
            2.0,
            2.5,
            3.0,
            3.5,
            4.0,
            4.5,
            5.0,
            6.0
        ],
        [
            -1.1239227360309025,
            -1.1374768612808457,
            -1.133176625089829,
            -1.120731766815188,
            -1.1047103882211917,
            -1.028421681212799,
            -0.990200876092189,
            -0.977936899593774,
            -0.9704603046955685,
            -0.9714251132351783,
            -0.9722705375198071,
            -0.973043431512304,
            -0.973883139074319,
            -0.9743276354345088
        ]
    ],
    "12": [
        [
            0.6,
            0.7,
            0.8,
            0.9,
            1.0,
            1.5,
            2.0,
            2.5,
            3.0,
            3.5,
            4.0,
            4.5,
            5.0,
            6.0
        ],
        [
            -1.124012740631746,
            -1.1375662775974802,
            -1.133261703095572,
            -1.120809581497359,
            -1.1047791541709524,
            -1.0284644454195686,
            -0.9904465962334339,
            -0.9787524753694282,
            -0.9712896141493085,
            -0.9728382855352395,
            -0.974541878293302,
            -0.9764075196741724,
            -0.9778771123183687,
            -0.9783402175681682
        ]
    ],
    "18": [
        [
            0.6,
            0.7,
            0.8,
            0.9,
            1.0,
            1.5,
            2.0,
            2.5,
            3.0,
            3.5,
            4.0,
            4.5,
            5.0,
            6.0
        ],
        [
            -1.1239229961003383,
            -1.137477121654939,
            -1.1331771390184446,
            -1.1207327756086642,
            -1.1047124222993159,
            -1.0284624773384965,
            -0.9904030674130504,
            -0.9784143099017227,
            -0.9706486660496804,
            -0.9715925872603681,
            -0.9724859867174696,
            -0.9732585956457673,
            -0.973884390532235,
            -0.9743277153699758
        ]
    ]
}