{
    "1": [
        [
            0.6,
            0.7,
            0.8,
            0.9,
            1.0,
            1.5,
            2.0,
            2.5,
            3.0,
            3.5,
            4.0,
            4.5,
            5.0,
            6.0
        ],
        [
            -1.1374888977532216,
            -1.1532110710907477,
            -1.1512842109592882,
            -1.1412525659709374,
            -1.127439424828602,
            -1.053164460944308,
            -1.008000999319395,
            -0.9885895728422037,
            -0.9811129606867893,
            -0.9781701685311124,
            -0.9769409728932907,
            -0.976388268672268,
            -0.9762053042426746,
            -0.9807874817538423
        ],
        [
            -1.1374888977752973,
            -1.153211071110685,
            -1.1512842109708288,
            -1.1412525824372617,
            -1.1274394248368624,
            -1.0531644609446569,
            -1.0080010176926537,
            -0.9885895729555362,
            -0.9814979644000007,
            -0.9805444872999998,
            -0.9799383291000003,
            -0.9797276406000002,
            -0.9796952995000001,
            -0.9794667261300004
        ]
    ],
    "2": [
        [
            0.6,
            0.7,
            0.8,
            0.9,
            1.0,
            1.5,
            2.0,
            2.5,
            3.0,
            3.5,
            4.0,
            4.5,
            5.0,
            6.0
        ],
        [
            -1.1455822835850402,
            -1.1607264822544578,
            -1.1581874219029769,
            -1.1475508149684397,
            -1.1331603491617608,
            -1.0564754793106808,
            -1.0096977628085209,
            -0.9988736474184133,
            -0.9961548298625603,
            -0.9954238849167558,
            -0.994984581132428,
            -0.9943576103173117,
            -0.9934258226109212,
            -0.9911780164653899
        ],
        [
            -1.1455822862726615,
            -1.1607264889422304,
            -1.1581874398886165,
            -1.1475508169361768,
            -1.133160349716168,
            -1.05647547950613,
            -1.0096977772408522,
            -0.9988736606233967,
            -0.9960160736587239,
            -0.9953393839080373,
            -0.9951481480919155,
            -0.9950243598040094,
            -0.9948710403527306,
            -0.9945949744597798
        ]
    ],
    "4": [
        [
            0.6,
            0.7,
            0.8,
            0.9,
            1.0,
            1.5,
            2.0,
            2.5,
            3.0,
            3.5,
            4.0,
            4.5,
            5.0,
            6.0
        ],
        [
            -1.1572949087218658,
            -1.1717936660487098,
            -1.1685919019578521,
            -1.1572752434239906,
            -1.1421914306491323,
            -1.0620148656965493,
            -1.0122806143612624,
            -0.9994451385595803,
            -0.9962824174697417,
            -0.9956991053862858,
            -0.9950307723922314,
            -0.9944024209989446,
            -0.9935396756940447,
            -0.9933678191472478
        ],
        [
            -1.1572949087220838,
            -1.1717936660490813,
            -1.1685919019580218,
            -1.157275244530111,
            -1.1421914306492356,
            -1.0620148818279598,
            -1.012280617870703,
            -0.9994451465365738,
            -0.9972522912935785,
            -0.9962697506694158,
            -0.9961526091349282,
            -0.9960971809584862,
            -0.9960261939435056,
            -0.9958783719328813
        ]
    ],
    "8": [
        [
            0.6,
            0.7,
            0.8,
            0.9,
            1.0,
            1.5,
            2.0,
            2.5,
            3.0,
            3.5,
            4.0,
            4.5,
            5.0,
            6.0
        ],
        [
            -1.1590244181813711,
            -1.1735308952853578,
            -1.1703414305359534,
            -1.1590470213764181,
            -1.1440022855296872,
            -1.064803274359165,
            -1.018764042648315,
            -1.0020547366265902,
            -0.9974113109623085,
            -0.9961837533927891,
            -0.9958069515726264,
            -0.9948672343568026,
            -0.9938582552986224,
            -0.9939963176738703
        ],
        [
            -1.159024422221225,
            -1.1735309029149996,
            -1.170341433765718,
            -1.159047032762805,
            -1.1440022890141481,
            -1.064803276539804,
            -1.0187640470651853,
            -1.0020547796581334,
            -0.9973877001181387,
            -0.9963200831946961,
            -0.9961438465265762,
            -0.9960986832230307,
            -0.996029086667386,
            -0.9958765023481456
        ]
    ],
    "10": [
        [
            0.6,
            0.7,
            0.8,
            0.9,
            1.0,
            1.5,
            2.0,
            2.5,
            3.0,
            3.5,
            4.0,
            4.5,
            5.0,
            6.0
        ],
        [
            -1.1596868612924809,
            -1.1741261888471959,
            -1.1708726280066342,
            -1.159518889640732,
            -1.1444201041108535,
            -1.0650138795933133,
            -1.0189841881028892,
            -1.0024193952852614,
            -0.9979103655853866,
            -0.996707314839355,
            -0.9964734286130481,
            -0.996071090858059,
            -0.9951976971063801,
            -0.9949915416783034
        ],
        [
            -1.1596868641914162,
            -1.1741261930035667,
            -1.1708726316442037,
            -1.1595188934579088,
            -1.144420107391964,
            -1.0650138815469001,
            -1.0189841921437106,
            -1.0024193961521142,
            -0.9978652789264523,
            -0.9969771786381973,
            -0.9969252031921112,
            -0.9969639962369483,
            -0.9970196189534473,
            -0.9969749286683914
        ]
    ],
    "12": [
        [
            0.6,
            0.7,
            0.8,
            0.9,
            1.0,
            1.5,
            2.0,
            2.5,
            3.0,
            3.5,
            4.0,
            4.5,
            5.0,
            6.0
        ],
        [
            -1.1602454821261075,
            -1.1746340444909076,
            -1.171333518171604,
            -1.1599358372050341,
            -1.1447956741144427,
            -1.0652116703173466,
            -1.0190769512963207,
            -1.0026727438804968,
            -0.9979669626201774,
            -0.9976478056808225,
            -0.9971926360059356,
            -0.996685636138591,
            -0.9952035470604244,
            -0.9950197576362522
        ],
        [
            -1.1602454844327197,
            -1.1746340488226266,
            -1.1713335217283776,
            -1.1599358412368108,
            -1.1447956777769264,
            -1.065211675359657,
            -1.019076962979292,
            -1.0026727470490848,
            -0.9979118792965381,
            -0.996989846068691,
            -0.9969251078685382,
            -0.9969662027536785,
            -0.9970152277899413,
            -0.9969740297170276
        ]
    ],