{
    "aug-cc-pv5z": {
        "0.6": {
            "HF": -1.1163796385150286,
            "FCI": -1.1558343199554366,
            "N_orb": 160,
            "CASSCF_1": -1.1163796385150273,
            "CASSCF_2": -1.1257488460039482,
            "CASSCF_4": -1.145769035823793,
            "CASSCF_8": -1.1517139672404786,
            "CASSCF_12": -1.1540835788749957,
            "CASSCF_18": -1.1548019442350126
        },
        "0.7": {
            "HF": -1.1327812288497126,
            "FCI": -1.1729996828793392,
            "N_orb": 160,
            "CASSCF_1": -1.132781228849713,
            "CASSCF_2": -1.1413728182455283,
            "CASSCF_4": -1.163441540106835,
            "CASSCF_8": -1.1690903879954155,
            "CASSCF_12": -1.1704842778722906,
            "CASSCF_18": -1.1720308280346718
        },
        "0.8": {
            "HF": -1.1308896679296425,
            "FCI": -1.1722609186132318,
            "N_orb": 160,
            "CASSCF_1": -1.130889667929643,
            "CASSCF_2": -1.1388048869416814,
            "CASSCF_4": -1.1581123593338714,
            "CASSCF_8": -1.1685695482602596,
            "CASSCF_12": -1.1702038418216372,
            "CASSCF_18": -1.1713449730643761
        },
        "0.9": {
            "HF": -1.1192753108600366,
            "FCI": -1.1622133254998046,
            "N_orb": 160,
            "CASSCF_1": -1.1192753108600348,
            "CASSCF_2": -1.1265968291970152,
            "CASSCF_4": -1.148972535213561,
            "CASSCF_8": -1.158750893738288,
            "CASSCF_12": -1.1600880220704102,
            "CASSCF_18": -1.161174936614379
        },
        "1.0": {
            "HF": -1.1025891470519982,
            "FCI": -1.147541871533452,
            "N_orb": 160,
            "CASSCF_1": -1.102589147052,
            "CASSCF_2": -1.1296195500999722,
            "CASSCF_4": -1.1352552965669895,
            "CASSCF_8": -1.1449278850318234,
            "CASSCF_12": -1.1456063254396707,
            "CASSCF_18": -1.1467556069165776
        },
        "1.5": {
            "HF": -1.0049934987811544,
            "FCI": -1.068115901130033,
            "N_orb": 160,
            "CASSCF_1": -1.0049934987811544,
            "CASSCF_2": -1.0579612895457036,
            "CASSCF_4": -1.0610139818368443,
            "CASSCF_8": -1.0666321764305384,
            "CASSCF_12": -1.0670646500653556,
            "CASSCF_18": -1.0676316391246858
        },
        "2.0": {
            "HF": -0.9264004516587723,
            "FCI": -1.0220811394014266,
            "N_orb": 160,
            "CASSCF_1": -0.9264004516587712,
            "CASSCF_2": -1.0179548248559227,
            "CASSCF_4": -1.01932096361168,
            "CASSCF_8": -1.0215647891010824,
            "CASSCF_12": -1.0216919519855963,
            "CASSCF_18": -1.0218764963248546
        },
        "2.5": {
            "HF": -0.8717223666140843,
            "FCI": -1.0056942657014736,
            "N_orb": 160,
            "CASSCF_1": -0.8717223666140828,
            "CASSCF_2": -1.004391671813715,
            "CASSCF_4": -1.0049124880308073,
            "CASSCF_8": -1.0055832892226093,
            "CASSCF_12": -1.005593529894238,
            "CASSCF_18": -1.0056515463638345
        },
        "3.0": {
            "HF": -0.8347224963653133,
            "FCI": -1.0013527972937482,
            "N_orb": 160,
            "CASSCF_1": -0.8347224963653126,
            "CASSCF_2": -1.000950604987345,
            "CASSCF_4": -1.000953971909596,
            "CASSCF_8": -1.001327057541087,
            "CASSCF_12": -1.001327924394845,
            "CASSCF_18": -1.0013377335054345
        },
        "3.5": {
            "HF": -0.8097024579205082,
            "FCI": -1.0003243484888187,
            "N_orb": 160,
            "CASSCF_1": -0.8097024579205081,
            "CASSCF_2": -0.9998573240360681,
            "CASSCF_4": -0.9998574542773636,
            "CASSCF_8": -1.000314486327917,
            "CASSCF_12": -1.0003166761898847,
            "CASSCF_18": -1.000318383605407
        },
        "4.0": {
            "HF": -0.7925771659484657,
            "FCI": -1.0000816684824787,
            "N_orb": 160,
            "CASSCF_1": -0.7925771659484652,
            "CASSCF_2": -0.9999621612531137,
            "CASSCF_4": -0.9999622516583647,
            "CASSCF_8": -1.0000749465489678,
            "CASSCF_12": -1.000080661474295,
            "CASSCF_18": -1.0000798968773692
        },
        "4.5": {
            "HF": -0.780603676853742,
            "FCI": -1.0000203636180425,
            "N_orb": 160,
            "CASSCF_1": -0.7806036768537423,
            "CASSCF_2": -0.9999841402792472,
            "CASSCF_4": -0.9999841748880282,
            "CASSCF_8": -1.0000155348270985,
            "CASSCF_12": -1.000020134680742,
            "CASSCF_18": -1.0000200801037453
        },
        "5.0": {
            "HF": -0.7719916118936925,
            "FCI": -1.000002424346426,
            "N_orb": 160,
            "CASSCF_1": -0.7719916118936923,
            "CASSCF_2": -0.9999885523341008,
            "CASSCF_4": -0.9999885575841918,
            "CASSCF_8": -0.9999991286645944,
            "CASSCF_12": -0.9999995730938376,
            "CASSCF_18": -0.9999983333174538
        },
        "6.0": {
            "HF": -0.7606766748079941,
            "FCI": -0.9999931344718984,
            "N_orb": 160,
            "CASSCF_1": -0.7606766748079937,
            "CASSCF_2": -0.9999895458261181,
            "CASSCF_4": -0.9999895465450048,
            "CASSCF_8": -0.9999917330060528,
            "CASSCF_12": -0.9999930311398526,
            "CASSCF_18": -0.9999930238727033
        }
    }
}