{
    "cc-pvdz": {
        "0.6": {
            "HF": -1.1068924751448506,
            "FCI": -1.1391732932880718,
            "N_orb": 10,
            "CASSCF_2": null,
            "CASSCF_3": null,
            "CASSCF_5": null,
            "CASSCF_9": null
        },
        "0.7": {
            "HF": -1.126924692300915,
            "FCI": -1.1609046824784675,
            "N_orb": 10,
            "CASSCF_2": null,
            "CASSCF_3": null,
            "CASSCF_5": null,
            "CASSCF_9": null
        },
        "0.8": {
            "HF": -1.1270007208842001,
            "FCI": -1.162750763022737,
            "N_orb": 10,
            "CASSCF_2": null,
            "CASSCF_3": null,
            "CASSCF_5": null,
            "CASSCF_9": null
        },
        "0.9": {
            "HF": -1.116391300444487,
            "FCI": -1.154081706119978,
            "N_orb": 10,
            "CASSCF_2": null,
            "CASSCF_3": null,
            "CASSCF_5": null,
            "CASSCF_9": null
        },
        "1.0": {
            "HF": -1.1001537648784097,
            "FCI": -1.1400734808760382,
            "N_orb": 10,
            "CASSCF_2": null,
            "CASSCF_3": null,
            "CASSCF_5": null,
            "CASSCF_9": null
        },
        "1.5": {
            "HF": -1.002192745486538,
            "FCI": -1.0615349496316142,
            "N_orb": 10,
            "CASSCF_2": null,
            "CASSCF_3": null,
            "CASSCF_5": null,
            "CASSCF_9": null
        },
        "2.0": {
            "HF": -0.9219085941148848,
            "FCI": -1.0175941140471527,
            "N_orb": 10,
            "CASSCF_2": null,
            "CASSCF_3": null,
            "CASSCF_5": null,
            "CASSCF_9": null
        },
        "2.5": {
            "HF": -0.8653301201455068,
            "FCI": -1.0031292512281604,
            "N_orb": 10,
            "CASSCF_2": null,
            "CASSCF_3": null,
            "CASSCF_5": null,
            "CASSCF_9": null
        },
        "3.0": {
            "HF": -0.8264478438857501,
            "FCI": -0.99955061859723,
            "N_orb": 10,
            "CASSCF_2": null,
            "CASSCF_3": null,
            "CASSCF_5": null,
            "CASSCF_9": null
        },
        "3.5": {
            "HF": -0.7999929724456561,
            "FCI": -0.9987710557416721,
            "N_orb": 10,
            "CASSCF_2": null,
            "CASSCF_3": null,
            "CASSCF_5": null,
            "CASSCF_9": null
        },
        "4.0": {
            "HF": -0.7821982084329907,
            "FCI": -0.998606186141369,
            "N_orb": 10,
            "CASSCF_2": null,
            "CASSCF_3": null,
            "CASSCF_5": null,
            "CASSCF_9": null
        },
        "4.5": {
            "HF": -0.7702462424217583,
            "FCI": -0.9985690947312197,
            "N_orb": 10,
            "CASSCF_2": null,
            "CASSCF_3": null,
            "CASSCF_5": null,
            "CASSCF_9": null
        },
        "5.0": {
            "HF": -0.7620443994818673,
            "FCI": -0.998559877201435,
            "N_orb": 10,
            "CASSCF_2": null,
            "CASSCF_3": null,
            "CASSCF_5": null,
            "CASSCF_9": null
        },
        "6.0": {
            "HF": -0.7517152503711977,
            "FCI": -0.9985570676311732,
            "N_orb": 10,
            "CASSCF_2": null,
            "CASSCF_3": null,
            "CASSCF_5": null,
            "CASSCF_9": null
        }
    },
    "cc-pvtz": {
        "0.6": {},
        "0.7": {},
        "0.8": {},
        "0.9": {},
        "1.0": {},
        "1.5": {},
        "2.0": {},
        "2.5": {},
        "3.0": {},
        "3.5": {},
        "4.0": {},
        "4.5": {},
        "5.0": {},
        "6.0": {}
    },
    "cc-pvqz": {
        "0.6": {},
        "0.7": {},
        "0.8": {},
        "0.9": {},
        "1.0": {},
        "1.5": {},
        "2.0": {},
        "2.5": {},
        "3.0": {},
        "3.5": {},
        "4.0": {},
        "4.5": {},
        "5.0": {},
        "6.0": {}
    },
    "cc-pv5z": {
        "0.6": {},
        "0.7": {},
        "0.8": {},
        "0.9": {},
        "1.0": {},
        "1.5": {},
        "2.0": {},
        "2.5": {},
        "3.0": {},
        "3.5": {},
        "4.0": {},
        "4.5": {},
        "5.0": {},
        "6.0": {}
    },
    "aug-cc-pvqz": {
        "0.6": {},
        "0.7": {},
        "0.8": {},
        "0.9": {},
        "1.0": {},
        "1.5": {},
        "2.0": {},
        "2.5": {},
        "3.0": {},
        "3.5": {},
        "4.0": {},
        "4.5": {},
        "5.0": {},
        "6.0": {}
    },
    "aug-cc-pv5z": {
        "0.6": {},
        "0.7": {},
        "0.8": {},
        "0.9": {},
        "1.0": {},
        "1.5": {},
        "2.0": {},
        "2.5": {},
        "3.0": {},
        "3.5": {},
        "4.0": {},
        "4.5": {},
        "5.0": {},
        "6.0": {}
    }
}