{
    "1": [
        [
            0.6,
            0.7,
            0.8,
            0.9,
            1.0,
            1.5,
            2.0,
            2.5,
            3.0,
            3.5,
            4.0,
            4.5,
            5.0,
            6.0
        ],
        [
            -1.1374888977532216,
            -1.1532110710907477,
            -1.1512842109592882,
            -1.1412525659709374,
            -1.127439424828602,
            -1.053164460944308,
            -1.008000999319395,
            -0.9885895728422037,
            -0.9811129606867893,
            -0.9781701685311124,
            -0.9769409728932907,
            -0.976388268672268,
            -0.9762053042426746,
            -0.9807874817538423
        ],
        [
            -2.0194509794752973,
            -1.9091785697106833,
            -1.8127557721708287,
            -1.7292273035372623,
            -1.6566166738368624,
            -1.4059492936446571,
            -1.2725896421926537,
            -1.2002604725555361,
            -1.1575053818087229,
            -1.1309010079000001,
            -1.1109774664000005,
            -1.0954155946000004,
            -1.0821627347000002,
            -1.0689836963369417
        ]
    ],
    "2": [
        [
            0.6,
            0.7,
            0.8,
            0.9,
            1.0,
            1.5,
            2.0,
            2.5,
            3.0,
            3.5,
            4.0,
            4.5,
            5.0,
            6.0
        ],
        [
            -1.1455822835850402,
            -1.1607264822544578,
            -1.1581874219029769,
            -1.1475508149684397,
            -1.1331603491617608,
            -1.0564754793106808,
            -1.0096977628085209,
            -0.9988736474184133,
            -0.9961548298625603,
            -0.9954238849167558,
            -0.994984581132428,
            -0.9943576103173117,
            -0.9934258226109212,
            -0.9911780164653899
        ],
        [
            -2.0275443679726624,
            -1.9166939875422304,
            -1.8196590010886162,
            -1.7355255380361765,
            -1.6623375987161693,
            -1.40926031220613,
            -1.2742864017408522,
            -1.2105445602233966,
            -1.1725472476167982,
            -1.1466173857704738,
            -1.1272788946210401,
            -1.111952554986947,
            -1.0992612755997788,
            -1.0793742744304786
        ]
    ],
    "4": [
        [
            0.6,
            0.7,
            0.8,
            0.9,
            1.0,
            1.5,
            2.0,
            2.5,
            3.0,
            3.5,
            4.0,
            4.5,
            5.0,
            6.0
        ],
        [
            -1.1572949087218658,
            -1.1717936660487098,
            -1.1685919019578521,
            -1.1572752434239906,
            -1.1421914306491323,
            -1.0620148656965493,
            -1.0122806143612624,
            -0.9994451385595803,
            -0.9962824174697417,
            -0.9956991053862858,
            -0.9950307723922314,
            -0.9944024209989446,
            -0.9935396756940447,
            -0.9933678191472478
        ],
        [
            -2.039256990422084,
            -1.9277611646490818,
            -1.8300634631580215,
            -1.7452499656301104,
            -1.6713686796492355,
            -1.4147997145279598,
            -1.276869242370703,
            -1.2111160461365738,
            -1.1726748521701464,
            -1.1468926222730158,
            -1.127325098254531,
            -1.1119973729929407,
            -1.0993751463266883,
            -1.0815640299174467
        ]
    ],
    "8": [
        [
            0.6,
            0.7,
            0.8,
            0.9,
            1.0,
            1.5,
            2.0,
            2.5,
            3.0,
            3.5,
            4.0,
            4.5,
            5.0,
            6.0
        ],
        [
            -1.1590244181813711,
            -1.1735308952853578,
            -1.1703414305359534,
            -1.1590470213764181,
            -1.1440022855296872,
            -1.064803274359165,
            -1.018764042648315,
            -1.0020547366265902,
            -0.9974113109623085,
            -0.9961837533927891,
            -0.9958069515726264,
            -0.9948672343568026,
            -0.9938582552986224,
            -0.9939963176738703
        ],
        [
            -2.0409865039212285,
            -1.9294984015150014,
            -1.831812994965718,
            -1.7470217538628035,
            -1.673179538014149,
            -1.4175881092398048,
            -1.2833526715651853,
            -1.213725679258133,
            -1.1738037492829227,
            -1.1473772598336551,
            -1.1281012922870801,
            -1.1124622183870516,
            -1.0996938363311997,
            -1.082192542985816
        ]
    ],
    "10": [
        [
            0.6,
            0.7,
            0.8,
            0.9,
            1.0,
            1.5,
            2.0,
            2.5,
            3.0,
            3.5,
            4.0,
            4.5,
            5.0,
            6.0
        ],
        [
            -1.1596868612924809,
            -1.1741261888471959,
            -1.1708726280066342,
            -1.159518889640732,
            -1.1444201041108535,
            -1.0650138795933133,
            -1.0189841881028892,
            -1.0024193952852614,
            -0.9979103655853866,
            -0.996707314839355,
            -0.9964734286130481,
            -0.996071090858059,
            -0.9951976971063801,
            -0.9949915416783034
        ],
        [
            -2.0416489458914127,
            -1.9300936916035676,
            -1.8323441928442037,
            -1.7474936145579107,
            -1.6735973563919622,
            -1.417798714246901,
            -1.2835728166437106,
            -1.2140902957521142,
            -1.174302814938335,
            -1.1479008289808164,
            -1.1287677716582576,
            -1.113666055728137,
            -1.101033158500858,
            -1.0831877599336683
        ]
    ],
    "12": [
        [
            0.6,
            0.7,
            0.8,
            0.9,
            1.0,
            1.5,
            2.0,
            2.5,
            3.0,
            3.5,
            4.0,
            4.5,
            5.0,
            6.0
        ],
        [
            -1.1602454821261075,
            -1.1746340444909076,
            -1.171333518171604,
            -1.1599358372050341,
            -1.1447956741144427,
            -1.0652116703173466,
            -1.0190769512963207,
            -1.0026727438804968,
            -0.9979669626201774,
            -0.9976478056808225,
            -0.9971926360059356,
            -0.996685636138591,
            -0.9952035470604244,
            -0.9950197576362522
        ],
        [
            -2.0422075661327197,
            -1.9306015474226266,
            -1.8328050829283775,
            -1.74791056233681,
            -1.6739729267769254,
            -1.4179965080596553,
            -1.283665587479292,
            -1.2143436466490845,
            -1.1743593889022341,
            -1.148841324372137,
            -1.1294869724237337,
            -1.1142805937938636,
            -1.1010389995462366,
            -1.0832159954071352
        ]
    ]
}